<profile name="/language/c/aliases">
	<p n="=surround_with_finally">
		<text>
			finally {
			%\m sur_text -indent%
			}
		</text>
	</p>
	<p n="pkd">
		<text>
			printk("%%s() in %%s, Line: %%d\n", __func__, __FILE__, __LINE__);
		</text>
	</p>
	<p n="=surround_with_const_cast">
		<text>
			const_cast&lt;%\c&gt;(%\m sur_text%)
		</text>
	</p>
	<p n="=surround_with_include_once">
		<params>
			<param n="macro" default="" prompt="Symbol"/>
		</params>
		<text>
			#ifndef %(macro)
			#define %(macro)
			%\m sur_text%
			#endif // %(macro)
		</text>
	</p>
	<p n="=surround_with_#if">
		<params>
			<param n="bracket1" default="()" prompt="brack1"/>
		</params>
		<text>
			%\d
		</text>
	</p>
	<p n="=surround_with_type_union">
		<text>
			typdef union %\c {
			%\m sur_text -indent%
			};
		</text>
	</p>
	<p n="=surround_with_if">
		<text>
			if (%\c) {
			%\m sur_text -indent%
			}
		</text>
	</p>
	<p n="=surround_with_switch">
		<text>
			switch (%\c) {
			%\m sur_text%
			}
		</text>
	</p>
	<p n="=surround_with_reinterpret_cast">
		<text>
			reinterpret_cast&lt;%\c&gt;(%\m sur_text%)
		</text>
	</p>
	<p n="=surround_with_type_struct">
		<text>
			typedef struct %\c {
			%\m sur_text -indent%
			};
		</text>
	</p>
	<p n="=surround_with_new_cpp_file">
		<text>
			#include &lt;iostream&gt;
			%\l
			using namespace std;
			%\l
			int main (int argc, char *argv[])
			{
			%\m sur_text -indent%
			%\ireturn(0);
			}
			%\l
		</text>
	</p>
	<p n="=surround_with_while">
		<text>
			while (%\c) {
			%\m sur_text -indent%
			}
		</text>
	</p>
	<p n="=surround_with_#ifdef">
		<text>
			%\m begin_line%#ifdef %\c
			%\m sur_text%
			%\m begin_line%#endif
		</text>
	</p>
	<p n="=surround_with_catch">
		<text>
			catch (%\c) {
			%\m sur_text -indent%
			}
		</text>
	</p>
	<p n="=surround_with_try">
		<text>
			try {
			%\m sur_text -indent%
			}
		</text>
	</p>
	<p n="=surround_with_try...finally">
		<text>
			try {
			%\m sur_text -indent%
			} finally {
			%\i%\c
			}
		</text>
	</p>
	<p n=",1">
		<params>
			<param n="mode1" default="(%c)" prompt=",1"/>
		</params>
		<text>
			(%\c)
		</text>
	</p>
</profile>
