<?xml version="1.0" encoding="UTF-8" ?>
<KeyBindings Version="1.0" Emulation="Vim">
	<Mode Name="default">
		<Assign Key="Alt+/" Command="toggle-comment"/>
		<Assign Key="Alt+A" Command="adjust-block-selection"/>
		<Assign Key="Alt+F10" Command="next-error"/>
		<Assign Key="Alt+F5" Command="project-build"/>
		<Assign Key="Alt+F6" Command="project-compile"/>
		<Assign Key="Alt+F8" Command="prev-buffer"/>
		<Assign Key="Alt+J" Command="prev-buff-tab"/>
		<Assign Key="Alt+K" Command="next-buff-tab"/>
		<Assign Key="Alt+R" Command="root-keydef"/>
		<Assign Key="Alt+Shift+B" Command="activate-build"/>
		<Assign Key="Alt+Shift+O" Command="activate-output"/>
		<Assign Key="Alt+Shift+R" Command="activate-references"/>
		<Assign Key="Alt+Shift+S" Command="activate-search"/>
		<Assign Key="Alt+T" Command="find-matching-paren"/>
		<Assign Key="Alt+U" Command="deselect"/>
		<Assign Key="Alt+X" Command="safe-exit"/>
		<Assign Key="Alt+Y" Command="begin-select"/>
		<Assign Key="Alt+Z" Command="select-char"/>
		<Assign Key="Command+A" Command="adjust-block-selection"/>
		<Assign Key="Command+F10" Command="next-error"/>
		<Assign Key="Command+F5" Command="project-build"/>
		<Assign Key="Command+F6" Command="project-compile"/>
		<Assign Key="Command+F8" Command="prev-buffer"/>
		<Assign Key="Command+J" Command="join-line"/>
		<Assign Key="Command+K" Command="cut"/>
		<Assign Key="Command+L" Command="select-line"/>
		<Assign Key="Command+N" Command="keyin-buf-name"/>
		<Assign Key="Command+R" Command="root-keydef"/>
		<Assign Key="Command+T" Command="find-matching-paren"/>
		<Assign Key="Command+U" Command="deselect"/>
		<Assign Key="Command+X" Command="safe-exit"/>
		<Assign Key="Command+Y" Command="begin-select"/>
		<Assign Key="Command+Z" Command="select-char"/>
		<Assign Key="Ctrl+'" Command="toggle-symbol"/>
		<Assign Key="Ctrl+[" Command="cmdline-toggle"/>
		<Assign Key="Ctrl+A" Command="select-all"/>
		<Assign Key="Ctrl+C" Command="stop-process"/>
		<Assign Key="Ctrl+D" Command="activate-defs"/>
		<Assign Key="Ctrl+Down" Command="window-below"/>
		<Assign Key="Ctrl+E" Command="end-line"/>
		<Assign Key="Ctrl+F1" Command="upcase-word"/>
		<Assign Key="Ctrl+F2" Command="lowcase-word"/>
		<Assign Key="Ctrl+F3" Command="upcase-selection"/>
		<Assign Key="Ctrl+F4" Command="lowcase-selection"/>
		<Assign Key="Ctrl+F6" Command="project-compile"/>
		<Assign Key="Ctrl+F8" Command="prev-buffer"/>
		<Assign Key="Ctrl+F9" Command="undo-cursor"/>
		<Assign Key="Ctrl+H" Command="cursor-left"/>
		<Assign Key="Ctrl+J" Command="next-tag"/>
		<Assign Key="Ctrl+K" Command="prev-tag"/>
		<Assign Key="Ctrl+L" Command="cursor-right"/>
		<Assign Key="Ctrl+Left" Command="window-left"/>
		<Assign Key="Ctrl+M" Command="activate-bookmarks"/>
		<Assign Key="Ctrl+N" Command="project-new-maybe-wizard"/>
		<Assign Key="Ctrl+O" Command="activate-project-open"/>
		<Assign Key="Ctrl+P" Command="activate-projects"/>
		<Assign Key="Ctrl+R" Command="redo"/>
		<Assign Key="Ctrl+Right" Command="window-right"/>
		<Assign Key="Ctrl+S" Command="activate-find"/>
		<Assign Key="Ctrl+Shift+/" Command="activate-references"/>
		<Assign Key="Ctrl+Shift+F1" Command="cap-word"/>
		<Assign Key="Ctrl+Shift+F2" Command="cap-selection"/>
		<Assign Key="Ctrl+Shift+M" Command="bookmark-stack"/>
		<Assign Key="Ctrl+Shift+O" Command="activate-tbclass"/>
		<Assign Key="Ctrl+Shift+R" Command="find-prev"/>
		<Assign Key="Ctrl+Up" Command="window-above"/>
		<Assign Key="Ctrl+V" Command="quote-key"/>
		<Remove Key="Ctrl+X"/>
		<Assign Key="Ctrl+X (" Command="start-recording"/>
		<Assign Key="Ctrl+X )" Command="end-recording"/>
		<Assign Key="Ctrl+X 1" Command="one-window"/>
		<Assign Key="Ctrl+X 2" Command="hsplit-window"/>
		<Assign Key="Ctrl+X A -&gt; Z" Command="case-indirect"/>
		<Assign Key="Ctrl+X b" Command="find-buffer"/>
		<Assign Key="Ctrl+X Ctrl+]" Command="pop-bookmark"/>
		<Assign Key="Ctrl+X Ctrl+B" Command="list-buffers"/>
		<Assign Key="Ctrl+X Ctrl+C" Command="safe-exit"/>
		<Assign Key="Ctrl+X Ctrl+D" Command="alias-cd"/>
		<Assign Key="Ctrl+X Ctrl+E" Command="dos"/>
		<Assign Key="Ctrl+X Ctrl+F" Command="gui-open"/>
		<Assign Key="Ctrl+X Ctrl+H" Command="pop-bookmark"/>
		<Assign Key="Ctrl+X Ctrl+J" Command="bottom-of-buffer"/>
		<Assign Key="Ctrl+X Ctrl+L" Command="load"/>
		<Assign Key="Ctrl+X Ctrl+M" Command="start-process"/>
		<Assign Key="Ctrl+X Ctrl+N" Command="next-error"/>
		<Assign Key="Ctrl+X Ctrl+O" Command="insert-toggle"/>
		<Assign Key="Ctrl+X Ctrl+P" Command="reflow-selection"/>
		<Assign Key="Ctrl+X Ctrl+R" Command="reverse-i-search"/>
		<Assign Key="Ctrl+X Ctrl+S" Command="save"/>
		<Assign Key="Ctrl+X Ctrl+U" Command="top-of-buffer"/>
		<Assign Key="Ctrl+X Ctrl+W" Command="copy-word"/>
		<Assign Key="Ctrl+X Ctrl+X" Command="nothing"/>
		<Assign Key="Ctrl+X Ctrl+Y" Command="list-clipboards"/>
		<Assign Key="Ctrl+X Ctrl+Z" Command="resume"/>
		<Assign Key="Ctrl+X e" Command="last-macro"/>
		<Assign Key="Ctrl+X k" Command="quit"/>
		<Assign Key="Ctrl+X m" Command="project-build"/>
		<Assign Key="Ctrl+X n" Command="set-next-error"/>
		<Assign Key="Ctrl+X o" Command="next-window"/>
		<Assign Key="Ctrl+X r" Command="redo"/>
		<Assign Key="Ctrl+X s" Command="split-line"/>
		<Assign Key="Ctrl+X Shift+Tab" Command="move-text-backtab"/>
		<Assign Key="Ctrl+X Tab" Command="move-text-tab"/>
		<Assign Key="Ctrl+Y" Command="paste"/>
		<Assign Key="Ctrl+Z" Command="zoom-window"/>
		<Assign Key="F5" Command="config"/>
		<Assign Key="F7" Command="edit"/>
		<Assign Key="F8" Command="next-buffer"/>
		<Assign Key="F9" Command="undo"/>
		<Assign Key="Shift+F1" Command="scroll-up"/>
		<Assign Key="Shift+F2" Command="scroll-down"/>
		<Assign Key="Shift+F3" Command="scroll-left"/>
		<Assign Key="Shift+F4" Command="scroll-right"/>
		<Assign Key="Shift+F9" Command="redo"/>
	</Mode>
	<Mode Name="vi-command">
		<Remove Key="Ctrl+D"/>
		<Assign Key="Ctrl+H" Command="hl-word"/>
		<Remove Key="Ctrl+N"/>
		<Remove Key="Ctrl+P"/>
		<Assign Key="Ctrl+R" Command="redo"/>
		<Remove Key="Ctrl+U"/>
		<Remove Key="Shift+Space"/>
		<Remove Key="Space"/>
	</Mode>
	<Mode Name="vi-visual">
		<Remove Key="Ctrl+D"/>
		<Remove Key="Ctrl+N"/>
		<Remove Key="Ctrl+P"/>
		<Remove Key="Ctrl+U"/>
	</Mode>
</KeyBindings>
