<?xml version="1.0" encoding="UTF-8" ?>
<Toolbars>
	<Toolbar Name="_tbandroid_form">
		<Modifications>
			<Modification Command="android_avd_manager" Action="0" Message="Launch Android Virtual Device Manager" Prev="FIRST_ITEM" Next="android_sdk_manager" Picture="bbandroid_avd.ico" Type="0"/>
			<Modification Command="android_sdk_manager" Action="0" Message="Launch Android SDK Manager" Prev="android_avd_manager" Next="android_ddms" Picture="bbandroid_sdk.ico" Type="0"/>
			<Modification Command="android_ddms" Action="0" Message="Launch DDMS (Dalvik Debug Monitor)" Prev="android_sdk_manager" Next="LAST_ITEM" Picture="bbandroid_ddms.ico" Type="0"/>
		</Modifications>
		<Duplicates/>
	</Toolbar>
</Toolbars>
