<?xml version="1.0" encoding="UTF-8" ?>
<KeyBindings Version="1.0" Emulation="Vim">
	<Mode Name="default">
		<Assign Key="Alt+/" Command="toggle-comment"/>
		<Remove Key="Alt+C"/>
		<Remove Key="Alt+F1"/>
		<Assign Key="Alt+J" Command="prev-buff-tab"/>
		<Assign Key="Alt+K" Command="next-buff-tab"/>
		<Remove Key="Alt+L"/>
		<Remove Key="Alt+N"/>
		<Remove Key="Alt+P"/>
		<Assign Key="Alt+Shift+B" Command="activate-build"/>
		<Assign Key="Alt+Shift+O" Command="activate-output"/>
		<Assign Key="Alt+Shift+R" Command="activate-references"/>
		<Assign Key="Alt+Shift+S" Command="activate-search"/>
		<Remove Key="Command+C"/>
		<Remove Key="Command+F1"/>
		<Remove Key="Command+P"/>
		<Assign Key="Ctrl+'" Command="toggle-symbol"/>
		<Assign Key="Ctrl+[" Command="cmdline-toggle"/>
		<Remove Key="Ctrl+]"/>
		<Remove Key="Ctrl+A"/>
		<Assign Key="Ctrl+D" Command="activate-defs"/>
		<Assign Key="Ctrl+Down" Command="window-below"/>
		<Assign Key="Ctrl+E" Command="end-line"/>
		<Assign Key="Ctrl+H" Command="cursor-left"/>
		<Assign Key="Ctrl+I" Command="i-search"/>
		<Assign Key="Ctrl+J" Command="next-tag"/>
		<Assign Key="Ctrl+K" Command="prev-tag"/>
		<Assign Key="Ctrl+Left" Command="window-left"/>
		<Assign Key="Ctrl+M" Command="activate-bookmarks"/>
		<Assign Key="Ctrl+N" Command="project-new-maybe-wizard"/>
		<Assign Key="Ctrl+O" Command="activate-project-open"/>
		<Assign Key="Ctrl+P" Command="activate-projects"/>
		<Assign Key="Ctrl+Right" Command="window-right"/>
		<Assign Key="Ctrl+S" Command="activate-find"/>
		<Assign Key="Ctrl+Shift+/" Command="activate-references"/>
		<Assign Key="Ctrl+Shift+M" Command="bookmark-stack"/>
		<Assign Key="Ctrl+Shift+O" Command="activate-tbclass"/>
		<Remove Key="Ctrl+U"/>
		<Assign Key="Ctrl+Up" Command="window-above"/>
		<Assign Key="F7" Command="edit"/>
	</Mode>
	<Mode Name="vi-command">
		<Remove Key="Ctrl+D"/>
		<Assign Key="Ctrl+H" Command="hl-word"/>
		<Remove Key="Ctrl+N"/>
		<Remove Key="Ctrl+P"/>
		<Remove Key="Ctrl+U"/>
		<Remove Key="Shift+Space"/>
		<Remove Key="Space"/>
	</Mode>
	<Mode Name="vi-visual">
		<Remove Key="Ctrl+D"/>
		<Remove Key="Ctrl+N"/>
		<Remove Key="Ctrl+P"/>
		<Remove Key="Ctrl+U"/>
	</Mode>
</KeyBindings>
